epoch,accuracy,binary_crossentropy,dice_loss,loss,sensitivity,specificity,val_accuracy,val_binary_crossentropy,val_dice_loss,val_loss,val_sensitivity,val_specificity
50,0.9815511107444763,0.284573495388031,1.0,0.6422868371009827,0.0,1.0,0.9804083704948425,0.3021993935108185,1.0,0.6510997414588928,0.0,1.0
51,0.9814916253089905,0.285488098859787,1.0,0.6427440643310547,0.0,1.0,0.9804822206497192,0.3010593056678772,1.0,0.6505296230316162,0.0,1.0
52,0.981110155582428,0.2913724184036255,1.0,0.645686149597168,0.0,1.0,0.9803938269615173,0.302424818277359,1.0,0.6512124538421631,0.0,1.0
53,0.9815135598182678,0.28515055775642395,1.0,0.6425753235816956,0.0,1.0,0.9801738858222961,0.30581724643707275,1.0,0.6529086232185364,0.0,1.0
54,0.9811728596687317,0.2904064357280731,1.0,0.6452032327651978,0.0,1.0,0.980469822883606,0.3012520372867584,1.0,0.650626003742218,0.0,1.0
