epoch,accuracy,binary_crossentropy,dice_loss,loss,sensitivity,specificity,val_accuracy,val_binary_crossentropy,val_dice_loss,val_loss,val_sensitivity,val_specificity
0,0.9661763310432434,0.3268064856529236,0.9976065754890442,0.6622065901756287,0.02119441144168377,0.9847844839096069,0.9810864329338074,0.291740745306015,1.0,0.6458703875541687,0.0,1.0
1,0.9810982942581177,0.29155921936035156,1.0,0.6457797288894653,0.0,1.0,0.9812389016151428,0.28939011693000793,1.0,0.6446951031684875,0.0,1.0
2,0.9809316992759705,0.29412606358528137,1.0,0.6470628976821899,0.0,1.0,0.9809718728065491,0.29350849986076355,1.0,0.646754264831543,0.0,1.0
3,0.980923056602478,0.29425910115242004,1.0,0.6471295356750488,0.0,1.0,0.9810293316841125,0.2926219701766968,1.0,0.6463109850883484,0.0,1.0
4,0.9813749194145203,0.2872908413410187,1.0,0.6436454653739929,0.0,1.0,0.9809189438819885,0.29432472586631775,1.0,0.6471624374389648,0.0,1.0
