epoch,accuracy,binary_crossentropy,dice_loss,loss,sensitivity,specificity,val_accuracy,val_binary_crossentropy,val_dice_loss,val_loss,val_sensitivity,val_specificity
45,0.9812363982200623,0.2894289493560791,1.0,0.6447144150733948,0.0,1.0,0.980958878993988,0.2937081456184387,1.0,0.6468541026115417,0.0,1.0
46,0.9811081886291504,0.2914040982723236,1.0,0.6457021832466125,0.0,1.0,0.9806376695632935,0.2986626625061035,1.0,0.649331271648407,0.0,1.0
47,0.981364369392395,0.287454754114151,1.0,0.6437273025512695,0.0,1.0,0.9807994365692139,0.2961677312850952,1.0,0.6480838060379028,0.0,1.0
48,0.9809646606445312,0.2936188280582428,1.0,0.6468093395233154,0.0,1.0,0.9813836216926575,0.2871571481227875,1.0,0.6435785293579102,0.0,1.0
49,0.9812555909156799,0.2891309857368469,1.0,0.6445655226707458,0.0,1.0,0.9806715846061707,0.2981378734111786,1.0,0.6490689516067505,0.0,1.0
