epoch,accuracy,binary_crossentropy,dice_loss,loss,sensitivity,specificity,val_accuracy,val_binary_crossentropy,val_dice_loss,val_loss,val_sensitivity,val_specificity
20,0.9807918667793274,0.29628774523735046,1.0,0.6481438279151917,0.0,1.0,0.9822139739990234,0.27434971928596497,1.0,0.6371748447418213,0.0,1.0
21,0.9809661507606506,0.29359525442123413,1.0,0.6467977166175842,0.0,1.0,0.9824966192245483,0.2699897885322571,1.0,0.6349949240684509,0.0,1.0
22,0.9809973239898682,0.2931167185306549,1.0,0.6465583443641663,0.0,1.0,0.9822718501091003,0.27345702052116394,1.0,0.6367285251617432,0.0,1.0
23,0.9807732701301575,0.29657357931137085,1.0,0.6482868790626526,0.0,1.0,0.9822609424591064,0.2736242413520813,1.0,0.636812150478363,0.0,1.0
24,0.9809033870697021,0.2945634424686432,1.0,0.6472817659378052,0.0,1.0,0.9823423027992249,0.2723693549633026,1.0,0.6361846327781677,0.0,1.0
