epoch,accuracy,binary_crossentropy,dice_loss,loss,sensitivity,specificity,val_accuracy,val_binary_crossentropy,val_dice_loss,val_loss,val_sensitivity,val_specificity
35,0.9807610511779785,0.2967603802680969,1.0,0.6483802199363708,0.0,1.0,0.9817525148391724,0.2814665138721466,1.0,0.6407333016395569,0.0,1.0
36,0.9810194969177246,0.292772501707077,1.0,0.6463862657546997,0.0,1.0,0.9818540215492249,0.2798992097377777,1.0,0.63994961977005,0.0,1.0
37,0.9808213710784912,0.2958286702632904,1.0,0.6479144096374512,0.0,1.0,0.981925904750824,0.2787920832633972,1.0,0.6393960118293762,0.0,1.0
38,0.9811462759971619,0.29081812500953674,1.0,0.6454090476036072,0.0,1.0,0.9820021390914917,0.2776152789592743,1.0,0.6388076543807983,0.0,1.0
39,0.9807154536247253,0.29746437072753906,1.0,0.6487321257591248,0.0,1.0,0.9816398024559021,0.28320297598838806,1.0,0.6416015625,0.0,1.0
