epoch,accuracy,binary_crossentropy,dice_loss,loss,sensitivity,specificity,val_accuracy,val_binary_crossentropy,val_dice_loss,val_loss,val_sensitivity,val_specificity
15,0.9810940623283386,0.2916230261325836,1.0,0.6458114385604858,0.0,1.0,0.980222225189209,0.3050726652145386,1.0,0.6525363922119141,0.0,1.0
16,0.9810981154441833,0.29156216979026794,1.0,0.6457811594009399,0.0,1.0,0.9806188941001892,0.2989526391029358,1.0,0.6494764089584351,0.0,1.0
17,0.981155276298523,0.29068201780319214,1.0,0.6453410983085632,0.0,1.0,0.9805687069892883,0.29972660541534424,1.0,0.6498633623123169,0.0,1.0
18,0.9813277125358582,0.2880203425884247,1.0,0.644010066986084,0.0,1.0,0.9805421233177185,0.3001362681388855,1.0,0.6500681638717651,0.0,1.0
19,0.9810132384300232,0.29287073016166687,1.0,0.6464354395866394,0.0,1.0,0.9801514148712158,0.30616191029548645,1.0,0.6530809998512268,0.0,1.0
