epoch,accuracy,binary_crossentropy,dice_loss,loss,sensitivity,specificity,val_accuracy,val_binary_crossentropy,val_dice_loss,val_loss,val_sensitivity,val_specificity
10,0.9809305667877197,0.29414525628089905,1.0,0.6470725536346436,0.0,1.0,0.9824529886245728,0.2706619203090668,1.0,0.6353310346603394,0.0,1.0
11,0.9809042811393738,0.2945517897605896,1.0,0.647275984287262,0.0,1.0,0.9823548197746277,0.27217674255371094,1.0,0.6360883712768555,0.0,1.0
12,0.9810450673103333,0.29238125681877136,1.0,0.6461905837059021,0.0,1.0,0.9823638200759888,0.2720368504524231,1.0,0.6360183954238892,0.0,1.0
13,0.9809589385986328,0.2937064468860626,1.0,0.6468530893325806,0.0,1.0,0.982399046421051,0.27149394154548645,1.0,0.6357470750808716,0.0,1.0
14,0.9806213974952698,0.29891568422317505,1.0,0.6494578123092651,0.0,1.0,0.9825516939163208,0.26913872361183167,1.0,0.6345693469047546,0.0,1.0
