epoch,accuracy,binary_crossentropy,dice_loss,loss,sensitivity,specificity,val_accuracy,val_binary_crossentropy,val_dice_loss,val_loss,val_sensitivity,val_specificity
25,0.9815551042556763,0.28451046347618103,1.0,0.6422552466392517,0.0,1.0,0.9790287017822266,0.3234785497188568,1.0,0.6617392301559448,0.0,1.0
26,0.9813607931137085,0.28750935196876526,1.0,0.643754780292511,0.0,1.0,0.9788676500320435,0.3259659707546234,1.0,0.6629830598831177,0.0,1.0
27,0.9815652966499329,0.2843543291091919,1.0,0.6421772241592407,0.0,1.0,0.9792412519454956,0.320203572511673,1.0,0.6601017713546753,0.0,1.0
28,0.9817809462547302,0.28102803230285645,1.0,0.640514075756073,0.0,1.0,0.978937029838562,0.32489416003227234,1.0,0.6624470353126526,0.0,1.0
29,0.9816322326660156,0.28332066535949707,1.0,0.6416603326797485,0.0,1.0,0.978958785533905,0.32455867528915405,1.0,0.6622793078422546,0.0,1.0
