epoch,accuracy,binary_crossentropy,dice_loss,loss,sensitivity,specificity,val_accuracy,val_binary_crossentropy,val_dice_loss,val_loss,val_sensitivity,val_specificity
40,0.9803234338760376,0.3035094141960144,1.0,0.6517547369003296,0.0,1.0,0.983132541179657,0.26018014550209045,1.0,0.630090057849884,0.0,1.0
41,0.9803714156150818,0.30277177691459656,1.0,0.6513859033584595,0.0,1.0,0.9831563830375671,0.2598121762275696,1.0,0.6299060583114624,0.0,1.0
42,0.9803863167762756,0.30253997445106506,1.0,0.6512700319290161,0.0,1.0,0.9832553267478943,0.2582859694957733,1.0,0.6291430592536926,0.0,1.0
43,0.9806894063949585,0.2978648543357849,1.0,0.6489324569702148,0.0,1.0,0.9828002452850342,0.26530471444129944,1.0,0.6326524019241333,0.0,1.0
44,0.9806850552558899,0.29793158173561096,1.0,0.6489658951759338,0.0,1.0,0.9831531643867493,0.2598617672920227,1.0,0.6299309134483337,0.0,1.0
