epoch,accuracy,binary_crossentropy,dice_loss,loss,sensitivity,specificity,val_accuracy,val_binary_crossentropy,val_dice_loss,val_loss,val_sensitivity,val_specificity
30,0.9811466932296753,0.2908075451850891,1.0,0.6454038023948669,0.0,1.0,0.9802849888801575,0.3041037619113922,1.0,0.6520518064498901,0.0,1.0
31,0.9812372326850891,0.28941163420677185,1.0,0.6447058916091919,0.0,1.0,0.980107843875885,0.30683547258377075,1.0,0.6534177660942078,0.0,1.0
32,0.9813457727432251,0.28773993253707886,1.0,0.6438699960708618,0.0,1.0,0.9802414178848267,0.30477577447891235,1.0,0.6523878574371338,0.0,1.0
33,0.9813373684883118,0.28786978125572205,1.0,0.643934965133667,0.0,1.0,0.9801931381225586,0.30552104115486145,1.0,0.6527605652809143,0.0,1.0
34,0.9814682602882385,0.28584834933280945,1.0,0.6429243087768555,0.0,1.0,0.9802631735801697,0.3044382333755493,1.0,0.6522191166877747,0.0,1.0
